,{
"    ""Note"": ""The TIME_SERIES_INTRADAY_EXTENDED API has been merged with the regular TIME_SERIES_INTRADAY API. To query current and 20+ years of historical intraday data"," please see the latest documentation and examples at https://www.alphavantage.co/documentation/#intraday. Thank you!"""
},
"    ""Note"": ""The TIME_SERIES_INTRADAY_EXTENDED API has been merged with the regular TIME_SERIES_INTRADAY API. To query current and 20+ years of historical intraday data"," please see the latest documentation and examples at https://www.alphavantage.co/documentation/#intraday. Thank you!"""
},
"    ""Note"": ""The TIME_SERIES_INTRADAY_EXTENDED API has been merged with the regular TIME_SERIES_INTRADAY API. To query current and 20+ years of historical intraday data"," please see the latest documentation and examples at https://www.alphavantage.co/documentation/#intraday. Thank you!"""
},
"    ""Note"": ""The TIME_SERIES_INTRADAY_EXTENDED API has been merged with the regular TIME_SERIES_INTRADAY API. To query current and 20+ years of historical intraday data"," please see the latest documentation and examples at https://www.alphavantage.co/documentation/#intraday. Thank you!"""
},
"    ""Note"": ""The TIME_SERIES_INTRADAY_EXTENDED API has been merged with the regular TIME_SERIES_INTRADAY API. To query current and 20+ years of historical intraday data"," please see the latest documentation and examples at https://www.alphavantage.co/documentation/#intraday. Thank you!"""
},
"    ""Note"": ""The TIME_SERIES_INTRADAY_EXTENDED API has been merged with the regular TIME_SERIES_INTRADAY API. To query current and 20+ years of historical intraday data"," please see the latest documentation and examples at https://www.alphavantage.co/documentation/#intraday. Thank you!"""
},
"    ""Note"": ""The TIME_SERIES_INTRADAY_EXTENDED API has been merged with the regular TIME_SERIES_INTRADAY API. To query current and 20+ years of historical intraday data"," please see the latest documentation and examples at https://www.alphavantage.co/documentation/#intraday. Thank you!"""
},
"    ""Note"": ""The TIME_SERIES_INTRADAY_EXTENDED API has been merged with the regular TIME_SERIES_INTRADAY API. To query current and 20+ years of historical intraday data"," please see the latest documentation and examples at https://www.alphavantage.co/documentation/#intraday. Thank you!"""
},
"    ""Note"": ""The TIME_SERIES_INTRADAY_EXTENDED API has been merged with the regular TIME_SERIES_INTRADAY API. To query current and 20+ years of historical intraday data"," please see the latest documentation and examples at https://www.alphavantage.co/documentation/#intraday. Thank you!"""
},
"    ""Note"": ""The TIME_SERIES_INTRADAY_EXTENDED API has been merged with the regular TIME_SERIES_INTRADAY API. To query current and 20+ years of historical intraday data"," please see the latest documentation and examples at https://www.alphavantage.co/documentation/#intraday. Thank you!"""
},
"    ""Note"": ""The TIME_SERIES_INTRADAY_EXTENDED API has been merged with the regular TIME_SERIES_INTRADAY API. To query current and 20+ years of historical intraday data"," please see the latest documentation and examples at https://www.alphavantage.co/documentation/#intraday. Thank you!"""
},
"    ""Note"": ""The TIME_SERIES_INTRADAY_EXTENDED API has been merged with the regular TIME_SERIES_INTRADAY API. To query current and 20+ years of historical intraday data"," please see the latest documentation and examples at https://www.alphavantage.co/documentation/#intraday. Thank you!"""
},
"    ""Note"": ""The TIME_SERIES_INTRADAY_EXTENDED API has been merged with the regular TIME_SERIES_INTRADAY API. To query current and 20+ years of historical intraday data"," please see the latest documentation and examples at https://www.alphavantage.co/documentation/#intraday. Thank you!"""
},
"    ""Note"": ""The TIME_SERIES_INTRADAY_EXTENDED API has been merged with the regular TIME_SERIES_INTRADAY API. To query current and 20+ years of historical intraday data"," please see the latest documentation and examples at https://www.alphavantage.co/documentation/#intraday. Thank you!"""
},
"    ""Note"": ""The TIME_SERIES_INTRADAY_EXTENDED API has been merged with the regular TIME_SERIES_INTRADAY API. To query current and 20+ years of historical intraday data"," please see the latest documentation and examples at https://www.alphavantage.co/documentation/#intraday. Thank you!"""
},
"    ""Note"": ""The TIME_SERIES_INTRADAY_EXTENDED API has been merged with the regular TIME_SERIES_INTRADAY API. To query current and 20+ years of historical intraday data"," please see the latest documentation and examples at https://www.alphavantage.co/documentation/#intraday. Thank you!"""
},
"    ""Note"": ""The TIME_SERIES_INTRADAY_EXTENDED API has been merged with the regular TIME_SERIES_INTRADAY API. To query current and 20+ years of historical intraday data"," please see the latest documentation and examples at https://www.alphavantage.co/documentation/#intraday. Thank you!"""
},
"    ""Note"": ""The TIME_SERIES_INTRADAY_EXTENDED API has been merged with the regular TIME_SERIES_INTRADAY API. To query current and 20+ years of historical intraday data"," please see the latest documentation and examples at https://www.alphavantage.co/documentation/#intraday. Thank you!"""
},
"    ""Note"": ""The TIME_SERIES_INTRADAY_EXTENDED API has been merged with the regular TIME_SERIES_INTRADAY API. To query current and 20+ years of historical intraday data"," please see the latest documentation and examples at https://www.alphavantage.co/documentation/#intraday. Thank you!"""
},
"    ""Note"": ""The TIME_SERIES_INTRADAY_EXTENDED API has been merged with the regular TIME_SERIES_INTRADAY API. To query current and 20+ years of historical intraday data"," please see the latest documentation and examples at https://www.alphavantage.co/documentation/#intraday. Thank you!"""
},
"    ""Note"": ""The TIME_SERIES_INTRADAY_EXTENDED API has been merged with the regular TIME_SERIES_INTRADAY API. To query current and 20+ years of historical intraday data"," please see the latest documentation and examples at https://www.alphavantage.co/documentation/#intraday. Thank you!"""
},
"    ""Note"": ""The TIME_SERIES_INTRADAY_EXTENDED API has been merged with the regular TIME_SERIES_INTRADAY API. To query current and 20+ years of historical intraday data"," please see the latest documentation and examples at https://www.alphavantage.co/documentation/#intraday. Thank you!"""
},
"    ""Note"": ""The TIME_SERIES_INTRADAY_EXTENDED API has been merged with the regular TIME_SERIES_INTRADAY API. To query current and 20+ years of historical intraday data"," please see the latest documentation and examples at https://www.alphavantage.co/documentation/#intraday. Thank you!"""
},
"    ""Note"": ""The TIME_SERIES_INTRADAY_EXTENDED API has been merged with the regular TIME_SERIES_INTRADAY API. To query current and 20+ years of historical intraday data"," please see the latest documentation and examples at https://www.alphavantage.co/documentation/#intraday. Thank you!"""
},
